id,title,imdbid,imdbtitle,similarity,imdbkind,ready
58,MAKING OF HOT FUZZ,4902012,HURRICANE OF FUN: THE MAKING OF WET HOT,84,movie,noimdb
13,ARI SHAFFIR ON TIGER BELLY PODCAST,23402230,"PODCAST ON A PLANE (JOE ROGAN, ARI SHAFFIR)",79,podcast episode,
17,GROWING ORGANIC TUTORIAL,9114286,BLACK PANTHER: WAKANDA FOREVER,30,movie,
23,UFC189,4846896,UFC 189: MENDES VS. MCGREGOR,19,movie,
26,KEVIN SMITH,1007028,ZACK AND MIRI MAKE A PORNO,27,movie,
24,GRAND TOUR - NAMIBIA SPECIAL,6068840,133 VUELTA SPECIAL: YATES POTVRDIL BRITSKY PATENT NA GRAND TOUR,82,podcast episode,mod
49,TROPIC THUNDER - RDJ COMMENTARY,9114286,BLACK PANTHER: WAKANDA FOREVER,34,movie,
9,NARDWAR,99740,HARDWARE,80,movie,noimdb
79,MANSTEALIA,7536952,COMEDIAN STEPHANIE SOTTILE CAUGHT STEALING AMY SCHUMER'S MATERIAL,27,movie,
249,SCHULTZ SAVES THE WORLD,13607518,KEVIN (PROBABLY) SAVES THE WORLD,79,tv series,yes
8,STORY OF MONTREAL CANADIANS STANLEY CUP,18879422,STORY OF ROGERS CUP IN MONTREAL,81,podcast episode,noimdb
101,J-P AND DIANE'S CORONAVIRUS SPECIAL,3401816,"TARAJI P. HENSON AND MOLLY SIMS. PLUS, A SPECIAL HOLIDAY PERFORMANCE BY MARY J. BLIGE AND DAVID FOSTER",60,episode,
66,THE INVINCIBLES,317705,THE INCREDIBLES,80,movie,noimdb
122,HAMILTON - LIVE,8503618,THE LIVES OF HAMILTON FISH,76,movie,
123,HANNIBAL BURRESS,11393666,HANNIBAL BURESS: MIAMI NIGHTS,68,video movie,
124,ROY KOHN STORY,9308256,BULLY. COWARD. VICTIM. THE STORY OF ROY COHN,78,movie,
126,NIMESH PATEL SPECIAL,9114286,BLACK PANTHER: WAKANDA FOREVER,33,movie,
141,AGE OF SURVEILLANCE CAPITALISM,2754600,LIVING IN THE AGE OF SURVEILLANCE,78,video movie,
147,THUMBS UP: DAVID CHOE HITCHHIKING AMERICA,9114286,BLACK PANTHER: WAKANDA FOREVER,32,movie,
205,ALI G IN DA HOUSE,241088,DA ALI G SHOW,76,tv series,
247,COMPUTER BOY MATRIX SPOOF,9114286,BLACK PANTHER: WAKANDA FOREVER,37,movie,
248,GRAND TOUR A MASSIVE HUNT,14261464,A GRAND TOUR OF ITALY,73,movie,
250,THE MANDOLORIAN SEASON 2,6498116,OUTLANDER: THE CHARACTERS OF SEASON 2,67,video movie,
308,PUTIN’S PALACE – HISTORY OF THE WORLD’S LARGEST BRIBE,9114286,BLACK PANTHER: WAKANDA FOREVER,38,movie,
290,COPS AND ROBBERS,109480,COPS AND ROBBERSONS,91,movie,yes
316,SOCIAL NETWORK – FINCHY COMMENTARY,9114286,BLACK PANTHER: WAKANDA FOREVER,36,movie,
181,BTS DARK KNIGHT TRILOGY,3138282,THE FIRE RISES: THE CREATION AND IMPACT OF THE DARK KNIGHT TRILOGY,90,video movie,yes
61,MARC NORMAND - OUT FOR LUNCH,12334820,MARK NORMAND: OUT TO LUNCH,82,movie,yes
354,SWAT,6111130,S.W.A.T.,36,tv series,
366,50/50,2322441,FIFTY SHADES OF GREY,0,movie,
378,TRACY MORGAN (SHOWTIME),6680270,THE TRACY MORGAN SHOW,90,tv series,yes
77,MARC NORMAND - OUT FOR LUNCH,12334820,MARK NORMAND: OUT TO LUNCH,82,movie,yes
379,JOEY DIAZ – THE DEGENERATES,7942814,JOEY 'COCO' DIAZ BREAKS OUT THE BLUE CHEESE WHILE EATING SPICY WINGS,68,episode,
44,LA CONFIDENTIAL,119488,L.A. CONFIDENTIAL,90,movie,yes
176,OUR SOCIAL DILEMMA,11464826,THE SOCIAL DILEMMA,88,movie,yes
178,CAPITAL IN THE 21ST CENTURY,5723056,CAPITAL IN THE TWENTY-FIRST CENTURY,90,movie,yes
234,SPIDERMAN INTO THE SPIDERVERSE,4633694,SPIDER-MAN: INTO THE SPIDER-VERSE,87,movie,yes
113,ROCK N ROLLA,1032755,ROCKNROLLA,82,movie,yes
361,OPRAH WINFREY WITH MEGHAN AND HARRY,14117288,OPRAH WITH MEGHAN AND HARRY: A CBS PRIMETIME SPECIAL,87,tv special,yes
238,A VERY SUNNY CHRISTMAS SPECIAL,1478620,A VERY BRADY CHRISTMAS,84,tv movie,yes
204,BORAT SUBSEQUENT MOVIE FILM,13143964,BORAT SUBSEQUENT MOVIEFILM,83,movie,yes
212,PRISONNERS,1392214,PRISONERS,95,movie,yes
385,SPIDERMAN (2002),145487,SPIDER-MAN,58,movie,
396,CONCRETE COWBOYS,81845,RAMBLIN'MAN,22,tv series,
404,LINDSEY ELLIS MASK OFF,9114286,BLACK PANTHER: WAKANDA FOREVER,27,movie,
636,I WANT YOU BAD,6462958,I WANT YOU BACK,90,movie,mod
563,LE TRIBUNAL POPULAIRE,759354,TRIBUNAL POPULAR,86,tv series,noimdb
457,H3 DEBATE-SAM SEDER V STEVEN COWARD CROWDER,9114286,BLACK PANTHER: WAKANDA FOREVER,36,movie,
468,ROMESH IN AMERICA,183997,WAR COMES TO AMERICA,65,movie,
471,INGLORIOUS RASTARDS,361748,INGLOURIOUS BASTERDS,51,movie,
488,JERROD CARMICAEL-LOVEAT TELE STONE,9114286,BLACK PANTHER: WAKANDA FOREVER,32,movie,
386,VICE IN NORTH KOREA,5535820,THE MOLE: UNDERCOVER IN NORTH KOREA,85,movie,mod
219,TWELVE DAYS OF CHRISTMAS,7771558,THE 12 DAYS OF CHRISTMAS EVE,83,tv movie,mod
433,BORAT- EXTRA FEATURES,8453830,CLIP: EXTRA FEATURES EXPLORATION,82,episode,noimdb
512,WOOD STOCK 99- PEACE LOVE + RAGE,15004156,WOODSTOCK 99: PEACE LOVE AND RAGE,79,movie,
507,CONTRA POINTS ENVY,14166018,CONTRAPOINTS,80,episode,noimdb
547,KIM DOTCOM: THE MOST WANTED MAN ONLINE,9114286,BLACK PANTHER: WAKANDA FOREVER,42,movie,
560,AN AUDIENCE W/ ARSENE WENGER + DAVID DEAN,9114286,BLACK PANTHER: WAKANDA FOREVER,39,movie,
578,GRAND TOUR-CARNAGE A TROIS,14261464,A GRAND TOUR OF ITALY,73,movie,
767,NIGHTMARE ON ELM STREET,87800,LIVE AT THE MOVIE FILMS WITH BILL AND STEVE: A NIGHTMARE ON ELM STREET (2010),78,podcast episode,mod
625,MONEY BALL,1210166,MONEYBALL,53,movie,
635,THE SWAMP,240419,LA CIÉNAGA,22,movie,
668,RONNIE CHIENG: SPEAK EASY,18830896,RONNY CHIENG: SPEAKEASY,74,movie,
671,TOP GEAR VIETNAM,1592030,THE COUCH TRIP/FOR KEEPS/DEAR AMERICA: LETTERS HOME FROM VIETNAM/RENT-A-COP/THE LONELY PASSION OF JUDITH HEARN,61,episode,
387,NETFLIX PRESENTS: BAD TRIP,9684220,THE PEANUT GALLERY PRESENTS: BAD TRIP,81,movie,mod
732,VENGEANCE. INSIDE OUTTAKES,9114286,BLACK PANTHER: WAKANDA FOREVER,33,movie,
735,ATTACK ON TITAN BATTAILE POUR L'AME DU QUEBEC,9114286,BLACK PANTHER: WAKANDA FOREVER,32,movie,
352,WE ARE THE MILLERS,1723121,WE ARE THE FLESH,82,movie,yes
742,SHENG WANG - SWEET + JULY TAXI DRIVER,9114286,BLACK PANTHER: WAKANDA FOREVER,39,movie,
744,KINGSMEN: SECRET SERVICE JO KOY: LIVE FROM THE L. A. FORUSE,9114286,BLACK PANTHER: WAKANDA FOREVER,31,movie,
328,ELVIS GRATTON 3 – REVENGE DE ELVIS WONG,380344,ELVIS GRATTON 3: LE RETOUR D'ELVIS WONG,83,movie,yes
357,TWELVE MONKEYS,114746,12 MONKEYS,82,movie,yes
808,KINGSMEN SECLET SERVICE,2802144,KINGSMAN: THE SECRET SERVICE,84,movie,yes
770,TAYLOR TOMUNSON LOOK AT YOU A FEW GOOD MEN,9114286,BLACK PANTHER: WAKANDA FOREVER,28,movie,
89,HANNAH GATSBY - DOUGLAS,10332256,HANNAH GADSBY: DOUGLAS,95,tv special,yes
774,LENTTERKENNY (MAIN),7793992,LETTERKENNY TALENT SHOW,70,episode,
183,BTS GETTING MADE - MAKING OF GOODFELLAS,415005,GETTING MADE: THE MAKING OF 'GOODFELLAS',95,video movie,yes
227,BOXING - MIKE TYSON V ROY JONES JR,13576180,MIKE TYSON VS ROY JONES JR.,94,movie,yes
439,DEEP SHOW,387764,PEEP SHOW,89,tv series,yes
480,RAMBO 3,95956,RAMBO III,83,movie,yes
502,PATRICE ONEILL KILLING IS EASY,11188422,PATRICE O'NEAL: KILLING IS EASY,90,tv movie,yes
508,JRE YEONMI PARK,15500374,VOICE OF NORTH KOREA BY YEONMI PARK,85,tv series,yes
552,CLERKS 2,424345,CLERKS II,86,movie,yes
581,CRANKED 2: HIGH VOLTAGE,1121931,CRANK: HIGH VOLTAGE,90,movie,yes
584,MUPPETS CHRISTMAS CAROL,104940,THE MUPPET CHRISTMAS CAROL,90,movie,yes
644,84 CHARING CROSS STATION,90570,84 CHARING CROSS ROAD,86,movie,yes
545,OUT FOR LUNCH,12334820,MARK NORMAND: OUT TO LUNCH,82,movie,yes
752,ROYAL TENVENBAUMS,265666,THE ROYAL TENENBAUMS,86,movie,yes
805,HOUSE OF DRAGONS,11198330,HOUSE OF THE DRAGON,86,tv series,yes
745,RAP SHOT,11212198,SLAP SHOT,82,movie,yes
392,MISSION: IMPOSSIBLE 3,317919,MISSION: IMPOSSIBLE III,95,movie,yes
809,THIS PLACE RULES ROAD TO PERDITION - DC,9114286,BLACK PANTHER: WAKANDA FOREVER,33,movie,
812,TAR,14444726,TÁR,80,movie,
813,ROCK NROLLA,1032755,ROCKNROLLA,57,movie,
182,BTS GEORGE MILLER MAD MAX FURY ROAD,1392190,MAD MAX: FURY ROAD - INTRODUCTION TO BLACK & CHROME EDITION BY GEORGE MILLER,94,video movie,yes
437,LAW ABADING CITIZEN,1197624,LAW ABIDING CITIZEN,95,movie,yes
479,HOW TO W/ JOHN WILSON,10801534,HOW TO WITH JOHN WILSON,95,tv series,yes
599,HARRY POTTER AND THE DEATHLY HALLOWS PT2,1201607,HARRY POTTER AND THE DEATHLY HALLOWS: PART 2,95,movie,yes
630,HOW TO W/ JOHN WILSON,10801534,HOW TO WITH JOHN WILSON,95,tv series,yes
645,THE PEOPLE VS LARRY FUNT,117318,THE PEOPLE VS. LARRY FLYNT,94,movie,yes
772,WEIRD THE AL YANCOVICH STORY,17076046,WEIRD: THE AL YANKOVIC STORY,95,movie,yes
391,MISSION: IMPOSSIBLE 2,120755,MISSION: IMPOSSIBLE - DEAD RECKONING - PART TWO,95,movie,yes
598,HARRY POTTER THE DEATHLY HALLOWS PT1,926084,HARRY POTTER AND THE DEATHLY HALLOWS: PART 2,94,movie,yes
574,RUSSEL HOWARD LUBRICANT,16146342,RUSSELL HOWARD: LUBRICATE,94,tv mini series,mod
771,ARI SHAFFIR JEW ,23219324,JEW,91,podcast episode,mod
806,ARI SHAFFIR JEW,23219324,JEW,91,podcast episode,mod
838,ARI SHAFFIR JEW,23219324,JEW,91,podcast episode,mod
1,bill burr im sorry you feel that way,3823690,BILL BURR IM SORRY YOU FEEL THAT WAY,100,,mod
